<?xml version="1.0" encoding="UTF-8"?>
<project-private xmlns="http://www.netbeans.org/ns/project-private/1">
    <editor-bookmarks xmlns="http://www.netbeans.org/ns/editor-bookmarks/2" lastBookmarkId="0"/>
    <open-files xmlns="http://www.netbeans.org/ns/projectui-open-files/2">
        <group>
            <file>file:/C:/Projects/GraphLib/src/com/joe/graphlib/Graph.java</file>
            <file>file:/C:/Projects/GraphLib/src/com/joe/graphlib/Directions.java</file>
            <file>file:/C:/Projects/GraphLib/src/com/joe/graphlib/Path.java</file>
            <file>file:/C:/Projects/GraphLib/src/com/joe/graphlib/Vertex.java</file>
            <file>file:/C:/Projects/GraphLib/src/com/joe/graphlib/Edge.java</file>
            <file>file:/C:/Projects/GraphLib/src/com/joe/graphlib/TestGraph.java</file>
        </group>
    </open-files>
</project-private>
